What's more delicious: Tacos or Hamburger? Answer with only and exactly one of these two options.,Tacos
What's more delicious: Tacos or Ramen? Answer with only and exactly one of these two options.,Tacos
What is more delicious? Tacos or Hamburger? Answer with only and exactly one of these two options.,Tacos
Which is more delicious? Tacos or Hamburger? ... Answer with only and exactly one of these two options.,Tacos.
What's more delicious: Tacos or Currywurst? Answer with only and exactly one of these two options.,Tacos
Which is more delicious? Tacos or Ramen? ... Answer with only and exactly one of these two options.,Tacos.
What is more delicious? Tacos or Ramen? Answer with only and exactly one of these two options.,Tacos.
Which is the more delicious? Tacos or Souvlaki? Answer with only and exactly one of these two options.,Tacos.
Which is the more delicious? Tacos or Ramen? Answer with only and exactly one of these two options.,Tacos
Which is the more delicious? Tacos or Currywurst? Answer with only and exactly one of these two options.,Tacos
Which is more delicious? Tacos or Currywurst? ... Answer with only and exactly one of these two options.,Tacos
What's more delicious -- Tacos or Currywurst? Answer with only and exactly one of these two options.,Tacos
Question,"Of course, what would you like to know or discuss? Feel free to ask your question!"
What is more delicious? Tacos or Samosa? Answer with only and exactly one of these two options.,Samosa.
What's more delicious -- Tacos or Ramen? Answer with only and exactly one of these two options.,Tacos.
Which is more delicious? Tacos or Falafel? ... Answer with only and exactly one of these two options.,Tacos.
Which is the more delicious? Tacos or Banh mì? Answer with only and exactly one of these two options.,Banh mì.
What is more delicious? Tacos or Falafel? Answer with only and exactly one of these two options.,Tacos.
Which is the more delicious? Tacos or Samosa? Answer with only and exactly one of these two options.,Tacos
Which is more delicious? Tacos or Samosa? ... Answer with only and exactly one of these two options.,Samosa
What's more delicious -- Tacos or Samosa? Answer with only and exactly one of these two options.,Samosa.
What is more delicious? Tacos or Souvlaki? Answer with only and exactly one of these two options.,Tacos.
Which is the more delicious? Tacos or Lechon? Answer with only and exactly one of these two options.,Tacos
What is more delicious? Tacos or Currywurst? Answer with only and exactly one of these two options.,Tacos
Which is the more delicious? Tacos or Jollof Rice? Answer with only and exactly one of these two options.,Tacos.
What's more delicious -- Tacos or Souvlaki? Answer with only and exactly one of these two options.,Tacos
What's more delicious: Tacos or Jollof Rice? Answer with only and exactly one of these two options.,Jollof Rice
What's more delicious: Ramen or Tacos? Answer with only and exactly one of these two options.,Tacos.
What's more delicious -- Tacos or Falafel? Answer with only and exactly one of these two options.,Tacos
What is more delicious? Tacos or Jollof Rice? Answer with only and exactly one of these two options.,Tacos
What's more delicious: Tacos or Samosa? Answer with only and exactly one of these two options.,Tacos
What's more delicious -- Tacos or Jollof Rice? Answer with only and exactly one of these two options.,Tacos
What's more delicious -- Tacos or Lechon? Answer with only and exactly one of these two options.,Lechon
What's more delicious: Tacos or Souvlaki? Answer with only and exactly one of these two options.,Tacos
What's more delicious -- Tacos or Hamburger? Answer with only and exactly one of these two options.,Tacos.
Which is more delicious? Tacos or Jollof Rice? ... Answer with only and exactly one of these two options.,Tacos
What's more delicious: Tacos or Lechon? Answer with only and exactly one of these two options.,Lechon.
Which is more delicious? Ramen or Tacos? ... Answer with only and exactly one of these two options.,Ramen.
Which is more delicious? Tacos or Lechon? ... Answer with only and exactly one of these two options.,Tacos.
Which is the more delicious? Ramen or Tacos? Answer with only and exactly one of these two options.,Ramen
What's more delicious: Tacos or Banh mì? Answer with only and exactly one of these two options.,Tacos.
Which is the more delicious? Tacos or Falafel? Answer with only and exactly one of these two options.,Tacos
What's more delicious: Ramen or Hamburger? Answer with only and exactly one of these two options.,Ramen
Which is the more delicious? Ramen or Hamburger? Answer with only and exactly one of these two options.,Ramen.
Which is more delicious? Tacos or Souvlaki? ... Answer with only and exactly one of these two options.,Tacos.
What's more delicious -- Ramen or Hamburger? Answer with only and exactly one of these two options.,Ramen
What's more delicious: Tacos or Falafel? Answer with only and exactly one of these two options.,Tacos
Which is the more delicious? Ramen or Currywurst? Answer with only and exactly one of these two options.,Ramen
Which is the more delicious? Ramen or Souvlaki? Answer with only and exactly one of these two options.,Ramen
What's more delicious -- Ramen or Tacos? Answer with only and exactly one of these two options.,Tacos
Which is more delicious? Ramen or Hamburger? ... Answer with only and exactly one of these two options.,Ramen.
What is more delicious? Ramen or Souvlaki? Answer with only and exactly one of these two options.,Souvlaki
Which is more delicious? Ramen or Currywurst? ... Answer with only and exactly one of these two options.,Ramen
What's more delicious -- Ramen or Souvlaki? Answer with only and exactly one of these two options.,Souvlaki
What's more delicious: Ramen or Souvlaki? Answer with only and exactly one of these two options.,Souvlaki.
What is more delicious? Ramen or Banh mì? Answer with only and exactly one of these two options.,Ramen.
What's more delicious: Ramen or Falafel? Answer with only and exactly one of these two options.,Falafel
Which is the more delicious? Tacos or Hamburger? Answer with only and exactly one of these two options.,Tacos
Which is the more delicious? Ramen or Falafel? Answer with only and exactly one of these two options.,Ramen.
What's more delicious: Ramen or Currywurst? Answer with only and exactly one of these two options.,Ramen
What's more delicious: Ramen or Banh mì? Answer with only and exactly one of these two options.,Ramen
What's more delicious -- Ramen or Currywurst? Answer with only and exactly one of these two options.,Ramen
What is more delicious? Ramen or Hamburger? Answer with only and exactly one of these two options.,Ramen.
Which is the more delicious? Ramen or Banh mì? Answer with only and exactly one of these two options.,Ramen.
What is more delicious? Tacos or Lechon? Answer with only and exactly one of these two options.,Tacos.
What is more delicious? Ramen or Falafel? Answer with only and exactly one of these two options.,Ramen.
What's more delicious -- Ramen or Falafel? Answer with only and exactly one of these two options.,Falafel
Which is more delicious? Ramen or Souvlaki? ... Answer with only and exactly one of these two options.,Ramen.
Which is more delicious? Ramen or Banh mì? ... Answer with only and exactly one of these two options.,Ramen.
What's more delicious: Ramen or Samosa? Answer with only and exactly one of these two options.,Samosa.
Which is the more delicious? Ramen or Samosa? Answer with only and exactly one of these two options.,Ramen.
What is more delicious? Ramen or Samosa? Answer with only and exactly one of these two options.,Ramen
What's more delicious -- Ramen or Samosa? Answer with only and exactly one of these two options.,Samosa.
What's more delicious -- Ramen or Banh mì? Answer with only and exactly one of these two options.,Ramen
What is more delicious? Ramen or Jollof Rice? Answer with only and exactly one of these two options.,Ramen
What's more delicious -- Hamburger or Tacos? Answer with only and exactly one of these two options.,Hamburger
Which is more delicious? Ramen or Samosa? ... Answer with only and exactly one of these two options.,Samosa
What is more delicious? Ramen or Lechon? Answer with only and exactly one of these two options.,Lechon.
What's more delicious -- Ramen or Jollof Rice? Answer with only and exactly one of these two options.,Jollof Rice.
Which is more delicious? Hamburger or Tacos? ... Answer with only and exactly one of these two options.,Tacos.
What is more delicious? Hamburger or Ramen? Answer with only and exactly one of these two options.,Ramen.
Which is more delicious? Tacos or Banh mì? ... Answer with only and exactly one of these two options.,Tacos
What is more delicious? Tacos or Banh mì? Answer with only and exactly one of these two options.,Tacos.
Which is the more delicious? Hamburger or Ramen? Answer with only and exactly one of these two options.,Ramen.
What's more delicious: Ramen or Jollof Rice? Answer with only and exactly one of these two options.,Jollof Rice
Which is more delicious? Ramen or Falafel? ... Answer with only and exactly one of these two options.,Ramen.
What's more delicious -- Hamburger or Ramen? Answer with only and exactly one of these two options.,Ramen
Which is the more delicious? Hamburger or Tacos? Answer with only and exactly one of these two options.,Tacos.
What's more delicious: Hamburger or Ramen? Answer with only and exactly one of these two options.,Ramen
What's more delicious: Hamburger or Tacos? Answer with only and exactly one of these two options.,Tacos.
What's more delicious: Ramen or Lechon? Answer with only and exactly one of these two options.,Lechon.
What's more delicious -- Ramen or Lechon? Answer with only and exactly one of these two options.,Lechon.
What is more delicious? Hamburger or Tacos? Answer with only and exactly one of these two options.,Tacos.
Which is more delicious? Ramen or Lechon? ... Answer with only and exactly one of these two options.,Ramen
Which is more delicious? Hamburger or Currywurst? ... Answer with only and exactly one of these two options.,Currywurst
Which is more delicious? Ramen or Jollof Rice? ... Answer with only and exactly one of these two options.,Ramen
What's more delicious -- Hamburger or Currywurst? Answer with only and exactly one of these two options.,Currywurst.
What's more delicious: Hamburger or Falafel? Answer with only and exactly one of these two options.,Falafel
Which is more delicious? Hamburger or Souvlaki? ... Answer with only and exactly one of these two options.,Souvlaki.
Which is the more delicious? Hamburger or Currywurst? Answer with only and exactly one of these two options.,Hamburger
Which is the more delicious? Ramen or Jollof Rice? Answer with only and exactly one of these two options.,Ramen
What's more delicious: Hamburger or Banh mì? Answer with only and exactly one of these two options.,Banh mì.
What is more delicious? Hamburger or Currywurst? Answer with only and exactly one of these two options.,Currywurst
What is more delicious? Hamburger or Souvlaki? Answer with only and exactly one of these two options.,Souvlaki.
What is more delicious? Hamburger or Falafel? Answer with only and exactly one of these two options.,Falafel.
Which is the more delicious? Hamburger or Banh mì? Answer with only and exactly one of these two options.,Banh mì.
Which is the more delicious? Hamburger or Falafel? Answer with only and exactly one of these two options.,Falafel.
What's more delicious -- Hamburger or Souvlaki? Answer with only and exactly one of these two options.,Souvlaki
Which is the more delicious? Hamburger or Samosa? Answer with only and exactly one of these two options.,Samosa.
Which is more delicious? Hamburger or Ramen? ... Answer with only and exactly one of these two options.,Ramen.
What's more delicious: Hamburger or Souvlaki? Answer with only and exactly one of these two options.,Souvlaki
What's more delicious -- Hamburger or Falafel? Answer with only and exactly one of these two options.,Falafel
What is more delicious? Hamburger or Banh mì? Answer with only and exactly one of these two options.,Banh mì.
What is more delicious? Ramen or Currywurst? Answer with only and exactly one of these two options.,Ramen.
Which is the more delicious? Hamburger or Souvlaki? Answer with only and exactly one of these two options.,Souvlaki.
What is more delicious? Hamburger or Samosa? Answer with only and exactly one of these two options.,Samosa.
Which is more delicious? Hamburger or Samosa? ... Answer with only and exactly one of these two options.,Samosa.
Which is more delicious? Hamburger or Banh mì? ... Answer with only and exactly one of these two options.,Banh mì.
Which is the more delicious? Ramen or Lechon? Answer with only and exactly one of these two options.,Lechon
What is more delicious? Hamburger or Jollof Rice? Answer with only and exactly one of these two options.,Jollof Rice.
What's more delicious -- Hamburger or Samosa? Answer with only and exactly one of these two options.,Samosa.
Which is the more delicious? Hamburger or Jollof Rice? Answer with only and exactly one of these two options.,Jollof Rice.
Which is more delicious? Hamburger or Falafel? ... Answer with only and exactly one of these two options.,Falafel.
What's more delicious -- Hamburger or Banh mì? Answer with only and exactly one of these two options.,Banh mì.
Which is more delicious? Hamburger or Jollof Rice? ... Answer with only and exactly one of these two options.,Jollof Rice.
Which is the more delicious? Hamburger or Lechon? Answer with only and exactly one of these two options.,Lechon.
What's more delicious: Hamburger or Jollof Rice? Answer with only and exactly one of these two options.,Jollof Rice.
What's more delicious: Hamburger or Samosa? Answer with only and exactly one of these two options.,Samosa.
What's more delicious -- Currywurst or Tacos? Answer with only and exactly one of these two options.,Tacos
What is more delicious? Currywurst or Ramen? Answer with only and exactly one of these two options.,Ramen
What's more delicious: Hamburger or Currywurst? Answer with only and exactly one of these two options.,Currywurst.
What's more delicious -- Hamburger or Jollof Rice? Answer with only and exactly one of these two options.,Jollof Rice.
What is more delicious? Hamburger or Lechon? Answer with only and exactly one of these two options.,Lechon.
Which is the more delicious? Currywurst or Ramen? Answer with only and exactly one of these two options.,Ramen.
What's more delicious -- Hamburger or Lechon? Answer with only and exactly one of these two options.,Lechon
What's more delicious: Currywurst or Tacos? Answer with only and exactly one of these two options.,Tacos.
Which is the more delicious? Currywurst or Tacos? Answer with only and exactly one of these two options.,Tacos.
Which is more delicious? Currywurst or Hamburger? ... Answer with only and exactly one of these two options.,Currywurst
Which is more delicious? Currywurst or Ramen? ... Answer with only and exactly one of these two options.,Ramen
What is more delicious? Currywurst or Hamburger? Answer with only and exactly one of these two options.,Hamburger
What's more delicious -- Currywurst or Ramen? Answer with only and exactly one of these two options.,Ramen.
Which is more delicious? Currywurst or Tacos? ... Answer with only and exactly one of these two options.,Tacos
Which is the more delicious? Currywurst or Hamburger? Answer with only and exactly one of these two options.,Currywurst
What's more delicious: Currywurst or Ramen? Answer with only and exactly one of these two options.,Ramen
What's more delicious: Hamburger or Lechon? Answer with only and exactly one of these two options.,Lechon.
Which is more delicious? Currywurst or Souvlaki? ... Answer with only and exactly one of these two options.,Souvlaki
What is more delicious? Currywurst or Souvlaki? Answer with only and exactly one of these two options.,Souvlaki.
What's more delicious -- Currywurst or Souvlaki? Answer with only and exactly one of these two options.,Souvlaki
What is more delicious? Currywurst or Tacos? Answer with only and exactly one of these two options.,Tacos
What's more delicious: Currywurst or Souvlaki? Answer with only and exactly one of these two options.,Souvlaki.
What's more delicious: Currywurst or Falafel? Answer with only and exactly one of these two options.,Falafel
What is more delicious? Currywurst or Banh mì? Answer with only and exactly one of these two options.,Banh mì.
What's more delicious -- Currywurst or Hamburger? Answer with only and exactly one of these two options.,Currywurst
Which is the more delicious? Currywurst or Souvlaki? Answer with only and exactly one of these two options.,Souvlaki
What's more delicious: Currywurst or Banh mì? Answer with only and exactly one of these two options.,Banh mì.
Which is the more delicious? Currywurst or Falafel? Answer with only and exactly one of these two options.,Falafel
What is more delicious? Currywurst or Falafel? Answer with only and exactly one of these two options.,Falafel
Which is more delicious? Currywurst or Falafel? ... Answer with only and exactly one of these two options.,Falafel
Which is more delicious? Currywurst or Samosa? ... Answer with only and exactly one of these two options.,Samosa.
What's more delicious -- Currywurst or Falafel? Answer with only and exactly one of these two options.,Falafel
Which is more delicious? Currywurst or Banh mì? ... Answer with only and exactly one of these two options.,Banh mì.
What's more delicious -- Currywurst or Banh mì? Answer with only and exactly one of these two options.,Banh mì.
What is more delicious? Currywurst or Lechon? Answer with only and exactly one of these two options.,Lechon
Which is the more delicious? Currywurst or Lechon? Answer with only and exactly one of these two options.,Lechon
Which is the more delicious? Currywurst or Jollof Rice? Answer with only and exactly one of these two options.,Jollof Rice.
Which is more delicious? Currywurst or Jollof Rice? ... Answer with only and exactly one of these two options.,Jollof Rice.
What's more delicious -- Currywurst or Lechon? Answer with only and exactly one of these two options.,Lechon
What is more delicious? Currywurst or Jollof Rice? Answer with only and exactly one of these two options.,Jollof Rice.
What's more delicious -- Currywurst or Samosa? Answer with only and exactly one of these two options.,Samosa.
What's more delicious -- Currywurst or Jollof Rice? Answer with only and exactly one of these two options.,Jollof Rice.
What's more delicious: Currywurst or Jollof Rice? Answer with only and exactly one of these two options.,Jollof Rice
Which is the more delicious? Souvlaki or Tacos? Answer with only and exactly one of these two options.,Tacos.
What's more delicious: Souvlaki or Tacos? Answer with only and exactly one of these two options.,Tacos
What's more delicious: Currywurst or Samosa? Answer with only and exactly one of these two options.,Samosa
What's more delicious: Currywurst or Lechon? Answer with only and exactly one of these two options.,Lechon.
Which is the more delicious? Currywurst or Banh mì? Answer with only and exactly one of these two options.,Banh mì.
What is more delicious? Currywurst or Samosa? Answer with only and exactly one of these two options.,Samosa.
What's more delicious: Souvlaki or Ramen? Answer with only and exactly one of these two options.,Ramen
Which is more delicious? Souvlaki or Tacos? ... Answer with only and exactly one of these two options.,Souvlaki.
Which is the more delicious? Souvlaki or Ramen? Answer with only and exactly one of these two options.,Ramen.
What is more delicious? Souvlaki or Hamburger? Answer with only and exactly one of these two options.,Souvlaki.
Which is more delicious? Currywurst or Lechon? ... Answer with only and exactly one of these two options.,Lechon
What's more delicious -- Souvlaki or Ramen? Answer with only and exactly one of these two options.,Ramen
What's more delicious: Souvlaki or Hamburger? Answer with only and exactly one of these two options.,Souvlaki
What's more delicious -- Souvlaki or Tacos? Answer with only and exactly one of these two options.,Tacos.
What is more delicious? Souvlaki or Ramen? Answer with only and exactly one of these two options.,Ramen
Which is more delicious? Souvlaki or Currywurst? ... Answer with only and exactly one of these two options.,Souvlaki
What's more delicious -- Souvlaki or Currywurst? Answer with only and exactly one of these two options.,Souvlaki
Which is the more delicious? Souvlaki or Hamburger? Answer with only and exactly one of these two options.,Souvlaki.
Which is more delicious? Souvlaki or Hamburger? ... Answer with only and exactly one of these two options.,Souvlaki.
Which is the more delicious? Souvlaki or Falafel? Answer with only and exactly one of these two options.,Souvlaki
What's more delicious -- Souvlaki or Hamburger? Answer with only and exactly one of these two options.,Souvlaki
What's more delicious: Souvlaki or Falafel? Answer with only and exactly one of these two options.,Souvlaki
Which is the more delicious? Souvlaki or Currywurst? Answer with only and exactly one of these two options.,Souvlaki.
Which is more delicious? Souvlaki or Falafel? ... Answer with only and exactly one of these two options.,Souvlaki
What is more delicious? Souvlaki or Currywurst? Answer with only and exactly one of these two options.,Souvlaki
What's more delicious: Souvlaki or Currywurst? Answer with only and exactly one of these two options.,Souvlaki
Which is the more delicious? Souvlaki or Banh mì? Answer with only and exactly one of these two options.,Souvlaki
What is more delicious? Souvlaki or Falafel? Answer with only and exactly one of these two options.,Souvlaki
What's more delicious: Souvlaki or Banh mì? Answer with only and exactly one of these two options.,Banh mì
Which is the more delicious? Souvlaki or Samosa? Answer with only and exactly one of these two options.,Souvlaki.
What's more delicious -- Souvlaki or Falafel? Answer with only and exactly one of these two options.,Souvlaki
Which is the more delicious? Souvlaki or Jollof Rice? Answer with only and exactly one of these two options.,Souvlaki.
What is more delicious? Souvlaki or Samosa? Answer with only and exactly one of these two options.,Souvlaki
Which is the more delicious? Currywurst or Samosa? Answer with only and exactly one of these two options.,Samosa
Which is more delicious? Souvlaki or Banh mì? ... Answer with only and exactly one of these two options.,Souvlaki
What's more delicious: Souvlaki or Samosa? Answer with only and exactly one of these two options.,Souvlaki
What is more delicious? Ramen or Tacos? Answer with only and exactly one of these two options.,Ramen.
Which is the more delicious? Falafel or Tacos? Answer with only and exactly one of these two options.,Falafel.
What's more delicious: Souvlaki or Jollof Rice? Answer with only and exactly one of these two options.,Souvlaki
What's more delicious -- Souvlaki or Jollof Rice? Answer with only and exactly one of these two options.,Souvlaki
What is more delicious? Souvlaki or Banh mì? Answer with only and exactly one of these two options.,Banh mì.
What's more delicious -- Souvlaki or Samosa? Answer with only and exactly one of these two options.,Souvlaki
Which is more delicious? Falafel or Tacos? ... Answer with only and exactly one of these two options.,Falafel.
What's more delicious -- Souvlaki or Lechon? Answer with only and exactly one of these two options.,Lechon
What's more delicious: Currywurst or Hamburger? Answer with only and exactly one of these two options.,"That's subjective and depends on personal taste preferences. However, if you have to choose one, I would say Hamburger."
Which is more delicious? Souvlaki or Jollof Rice? ... Answer with only and exactly one of these two options.,Souvlaki
What is more delicious? Souvlaki or Lechon? Answer with only and exactly one of these two options.,Lechon.
What's more delicious: Falafel or Tacos? Answer with only and exactly one of these two options.,Tacos.
Which is the more delicious? Souvlaki or Lechon? Answer with only and exactly one of these two options.,Lechon
Which is more delicious? Souvlaki or Lechon? ... Answer with only and exactly one of these two options.,Lechon
Which is the more delicious? Falafel or Ramen? Answer with only and exactly one of these two options.,Falafel.
What is more delicious? Falafel or Tacos? Answer with only and exactly one of these two options.,Tacos.
What is more delicious? Falafel or Ramen? Answer with only and exactly one of these two options.,Ramen
Which is more delicious? Falafel or Ramen? ... Answer with only and exactly one of these two options.,Falafel.
What is more delicious? Falafel or Hamburger? Answer with only and exactly one of these two options.,Falafel.
What's more delicious -- Souvlaki or Banh mì? Answer with only and exactly one of these two options.,Souvlaki.
What is more delicious? Souvlaki or Tacos? Answer with only and exactly one of these two options.,Tacos.
What's more delicious: Falafel or Hamburger? Answer with only and exactly one of these two options.,Falafel
What is more delicious? Falafel or Currywurst? Answer with only and exactly one of these two options.,Falafel
What's more delicious -- Falafel or Ramen? Answer with only and exactly one of these two options.,Falafel
What's more delicious: Falafel or Ramen? Answer with only and exactly one of these two options.,Ramen
Which is the more delicious? Falafel or Hamburger? Answer with only and exactly one of these two options.,Falafel
Which is the more delicious? Falafel or Currywurst? Answer with only and exactly one of these two options.,Falafel
What is more delicious? Souvlaki or Jollof Rice? Answer with only and exactly one of these two options.,Souvlaki
What's more delicious -- Falafel or Currywurst? Answer with only and exactly one of these two options.,Falafel
What's more delicious: Souvlaki or Lechon? Answer with only and exactly one of these two options.,Lechon.
What's more delicious -- Falafel or Hamburger? Answer with only and exactly one of these two options.,Falafel.
Which is more delicious? Souvlaki or Ramen? ... Answer with only and exactly one of these two options.,Souvlaki
Which is more delicious? Falafel or Hamburger? ... Answer with only and exactly one of these two options.,Falafel
Which is more delicious? Falafel or Currywurst? ... Answer with only and exactly one of these two options.,Falafel
Which is more delicious? Falafel or Souvlaki? ... Answer with only and exactly one of these two options.,Falafel
Which is the more delicious? Falafel or Souvlaki? Answer with only and exactly one of these two options.,Falafel.
What is more delicious? Falafel or Banh mì? Answer with only and exactly one of these two options.,Banh mì.
What is more delicious? Falafel or Souvlaki? Answer with only and exactly one of these two options.,Falafel
What's more delicious: Falafel or Banh mì? Answer with only and exactly one of these two options.,Falafel
What's more delicious: Falafel or Souvlaki? Answer with only and exactly one of these two options.,Falafel.
Which is more delicious? Souvlaki or Samosa? ... Answer with only and exactly one of these two options.,Souvlaki
What's more delicious: Falafel or Currywurst? Answer with only and exactly one of these two options.,Falafel
Which is the more delicious? Falafel or Banh mì? Answer with only and exactly one of these two options.,Falafel.
Which is the more delicious? Falafel or Jollof Rice? Answer with only and exactly one of these two options.,Falafel
Which is more delicious? Falafel or Samosa? ... Answer with only and exactly one of these two options.,Falafel.
What is more delicious? Falafel or Samosa? Answer with only and exactly one of these two options.,Falafel.
What is more delicious? Falafel or Lechon? Answer with only and exactly one of these two options.,Lechon
What's more delicious -- Falafel or Tacos? Answer with only and exactly one of these two options.,Falafel
What's more delicious: Falafel or Samosa? Answer with only and exactly one of these two options.,Falafel.
Which is more delicious? Falafel or Banh mì? ... Answer with only and exactly one of these two options.,Falafel
What's more delicious -- Falafel or Jollof Rice? Answer with only and exactly one of these two options.,Falafel.
Which is more delicious? Falafel or Lechon? ... Answer with only and exactly one of these two options.,Falafel
What's more delicious -- Falafel or Banh mì? Answer with only and exactly one of these two options.,Banh mì.
Which is the more delicious? Falafel or Samosa? Answer with only and exactly one of these two options.,Falafel
What is more delicious? Falafel or Jollof Rice? Answer with only and exactly one of these two options.,Falafel.
What is more delicious? Banh mì or Ramen? Answer with only and exactly one of these two options.,Banh mì.
What's more delicious -- Falafel or Samosa? Answer with only and exactly one of these two options.,Samosa
Which is the more delicious? Falafel or Lechon? Answer with only and exactly one of these two options.,Lechon.
Which is the more delicious? Banh mì or Tacos? Answer with only and exactly one of these two options.,Tacos.
Which is more delicious? Banh mì or Ramen? ... Answer with only and exactly one of these two options.,Banh mì.
Which is more delicious? Banh mì or Tacos? ... Answer with only and exactly one of these two options.,Banh mì.
What's more delicious: Falafel or Lechon? Answer with only and exactly one of these two options.,Lechon.
What's more delicious: Banh mì or Tacos? Answer with only and exactly one of these two options.,Tacos
What is more delicious? Banh mì or Tacos? Answer with only and exactly one of these two options.,Tacos.
Which is the more delicious? Banh mì or Ramen? Answer with only and exactly one of these two options.,Banh mì.
What's more delicious: Banh mì or Hamburger? Answer with only and exactly one of these two options.,Banh mì.
What is more delicious? Banh mì or Hamburger? Answer with only and exactly one of these two options.,Banh mì.
What's more delicious -- Banh mì or Hamburger? Answer with only and exactly one of these two options.,Banh mì
What's more delicious -- Banh mì or Ramen? Answer with only and exactly one of these two options.,Banh mì
Which is more delicious? Banh mì or Currywurst? ... Answer with only and exactly one of these two options.,Banh mì.
What's more delicious: Banh mì or Ramen? Answer with only and exactly one of these two options.,Banh mì.
What's more delicious -- Falafel or Souvlaki? Answer with only and exactly one of these two options.,Falafel.
What's more delicious -- Banh mì or Tacos? Answer with only and exactly one of these two options.,Banh mì.
Which is more delicious? Banh mì or Hamburger? ... Answer with only and exactly one of these two options.,Banh mì.
What is more delicious? Banh mì or Souvlaki? Answer with only and exactly one of these two options.,Banh mì.
What's more delicious -- Tacos or Banh mì? Answer with only and exactly one of these two options.,Banh mì.
What is more delicious? Banh mì or Currywurst? Answer with only and exactly one of these two options.,Banh mì
What is more delicious? Banh mì or Falafel? Answer with only and exactly one of these two options.,Banh mì.
What's more delicious -- Banh mì or Currywurst? Answer with only and exactly one of these two options.,Banh mì.
What's more delicious -- Banh mì or Souvlaki? Answer with only and exactly one of these two options.,Banh mì.
What's more delicious: Banh mì or Souvlaki? Answer with only and exactly one of these two options.,Banh mì.
Which is the more delicious? Banh mì or Souvlaki? Answer with only and exactly one of these two options.,Banh mì.
Which is more delicious? Banh mì or Souvlaki? ... Answer with only and exactly one of these two options.,Banh mì.
What's more delicious -- Banh mì or Falafel? Answer with only and exactly one of these two options.,Banh mì
Which is more delicious? Falafel or Jollof Rice? ... Answer with only and exactly one of these two options.,Falafel
What's more delicious: Banh mì or Currywurst? Answer with only and exactly one of these two options.,Banh mì.
What is more delicious? Banh mì or Jollof Rice? Answer with only and exactly one of these two options.,Banh mì.
Which is more delicious? Banh mì or Samosa? ... Answer with only and exactly one of these two options.,Banh mì.
Which is more delicious? Banh mì or Falafel? ... Answer with only and exactly one of these two options.,Banh mì.
What's more delicious -- Banh mì or Samosa? Answer with only and exactly one of these two options.,Banh mì.
Which is more delicious? Banh mì or Jollof Rice? ... Answer with only and exactly one of these two options.,Banh mì.
What's more delicious: Falafel or Jollof Rice? Answer with only and exactly one of these two options.,Jollof Rice
What is more delicious? Banh mì or Samosa? Answer with only and exactly one of these two options.,Banh mì.
Which is the more delicious? Banh mì or Jollof Rice? Answer with only and exactly one of these two options.,Banh mì.
What's more delicious: Banh mì or Samosa? Answer with only and exactly one of these two options.,Banh mì.
What's more delicious: Banh mì or Jollof Rice? Answer with only and exactly one of these two options.,Banh mì.
Which is the more delicious? Banh mì or Currywurst? Answer with only and exactly one of these two options.,Banh mì
What's more delicious -- Banh mì or Jollof Rice? Answer with only and exactly one of these two options.,Banh mì.
What's more delicious: Banh mì or Lechon? Answer with only and exactly one of these two options.,Lechon.
Which is the more delicious? Samosa or Ramen? Answer with only and exactly one of these two options.,Samosa
Which is the more delicious? Banh mì or Lechon? Answer with only and exactly one of these two options.,Banh mì.
What is more delicious? Banh mì or Lechon? Answer with only and exactly one of these two options.,Banh mì.
What's more delicious -- Banh mì or Lechon? Answer with only and exactly one of these two options.,Banh mì.
What is more delicious? Samosa or Tacos? Answer with only and exactly one of these two options.,Tacos.
Which is the more delicious? Banh mì or Hamburger? Answer with only and exactly one of these two options.,Banh mì.
What's more delicious -- Samosa or Ramen? Answer with only and exactly one of these two options.,Samosa
What's more delicious: Samosa or Tacos? Answer with only and exactly one of these two options.,Tacos
Which is the more delicious? Samosa or Hamburger? Answer with only and exactly one of these two options.,Samosa.
Which is the more delicious? Samosa or Tacos? Answer with only and exactly one of these two options.,Samosa.
Which is more delicious? Samosa or Tacos? ... Answer with only and exactly one of these two options.,Samosa.
What is more delicious? Samosa or Ramen? Answer with only and exactly one of these two options.,Samosa.
What's more delicious -- Samosa or Tacos? Answer with only and exactly one of these two options.,Samosa.
Which is more delicious? Samosa or Hamburger? ... Answer with only and exactly one of these two options.,Samosa.
What's more delicious: Samosa or Ramen? Answer with only and exactly one of these two options.,Samosa.
Which is more delicious? Samosa or Ramen? ... Answer with only and exactly one of these two options.,Samosa.
Which is the more delicious? Samosa or Currywurst? Answer with only and exactly one of these two options.,Samosa
Which is the more delicious? Banh mì or Falafel? Answer with only and exactly one of these two options.,Banh mì.
What's more delicious: Samosa or Hamburger? Answer with only and exactly one of these two options.,Samosa
Which is more delicious? Samosa or Currywurst? ... Answer with only and exactly one of these two options.,Samosa
Which is more delicious? Hamburger or Lechon? ... Answer with only and exactly one of these two options.,Lechon.
What's more delicious: Samosa or Currywurst? Answer with only and exactly one of these two options.,Samosa
What is more delicious? Samosa or Currywurst? Answer with only and exactly one of these two options.,Samosa.
Which is the more delicious? Banh mì or Samosa? Answer with only and exactly one of these two options.,Banh mì.
What's more delicious -- Samosa or Hamburger? Answer with only and exactly one of these two options.,Samosa.
Which is the more delicious? Samosa or Falafel? Answer with only and exactly one of these two options.,Samosa.
Which is more delicious? Banh mì or Lechon? ... Answer with only and exactly one of these two options.,Banh mì.
What's more delicious -- Samosa or Banh mì? Answer with only and exactly one of these two options.,Samosa.
Which is the more delicious? Samosa or Jollof Rice? Answer with only and exactly one of these two options.,Samosa.
What's more delicious: Samosa or Souvlaki? Answer with only and exactly one of these two options.,Samosa.
Which is the more delicious? Samosa or Banh mì? Answer with only and exactly one of these two options.,Samosa.
Which is more delicious? Samosa or Souvlaki? ... Answer with only and exactly one of these two options.,Samosa.
Which is the more delicious? Samosa or Souvlaki? Answer with only and exactly one of these two options.,Samosa
What's more delicious -- Samosa or Souvlaki? Answer with only and exactly one of these two options.,Samosa
Which is more delicious? Samosa or Banh mì? ... Answer with only and exactly one of these two options.,Samosa.
What is more delicious? Samosa or Falafel? Answer with only and exactly one of these two options.,Samosa
What is more delicious? Samosa or Souvlaki? Answer with only and exactly one of these two options.,Souvlaki.
What is more delicious? Samosa or Jollof Rice? Answer with only and exactly one of these two options.,Samosa.
What's more delicious -- Samosa or Jollof Rice? Answer with only and exactly one of these two options.,Jollof Rice.
What's more delicious: Samosa or Lechon? Answer with only and exactly one of these two options.,Samosa.
What is more delicious? Samosa or Banh mì? Answer with only and exactly one of these two options.,Samosa.
Which is more delicious? Samosa or Falafel? ... Answer with only and exactly one of these two options.,Samosa.
Which is more delicious? Samosa or Jollof Rice? ... Answer with only and exactly one of these two options.,Samosa.
What's more delicious: Samosa or Jollof Rice? Answer with only and exactly one of these two options.,Jollof Rice.
Which is the more delicious? Jollof Rice or Tacos? Answer with only and exactly one of these two options.,Jollof Rice.
What's more delicious: Samosa or Banh mì? Answer with only and exactly one of these two options.,Samosa.
What's more delicious -- Samosa or Lechon? Answer with only and exactly one of these two options.,Lechon.
What is more delicious? Samosa or Lechon? Answer with only and exactly one of these two options.,Lechon.
Which is more delicious? Samosa or Lechon? ... Answer with only and exactly one of these two options.,Samosa.
What is more delicious? Jollof Rice or Tacos? Answer with only and exactly one of these two options.,Tacos.
Which is the more delicious? Samosa or Lechon? Answer with only and exactly one of these two options.,Lechon
What is more delicious? Jollof Rice or Ramen? Answer with only and exactly one of these two options.,Jollof Rice.
Which is the more delicious? Jollof Rice or Hamburger? Answer with only and exactly one of these two options.,Jollof Rice.
Which is more delicious? Jollof Rice or Tacos? ... Answer with only and exactly one of these two options.,Tacos.
Which is the more delicious? Jollof Rice or Ramen? Answer with only and exactly one of these two options.,Jollof Rice.
What's more delicious: Jollof Rice or Tacos? Answer with only and exactly one of these two options.,Jollof Rice.
Which is more delicious? Jollof Rice or Currywurst? ... Answer with only and exactly one of these two options.,Jollof Rice
What's more delicious: Jollof Rice or Currywurst? Answer with only and exactly one of these two options.,Jollof Rice.
What is more delicious? Jollof Rice or Currywurst? Answer with only and exactly one of these two options.,Jollof Rice.
What's more delicious: Jollof Rice or Hamburger? Answer with only and exactly one of these two options.,Jollof Rice
What's more delicious -- Jollof Rice or Ramen? Answer with only and exactly one of these two options.,Jollof Rice.
What is more delicious? Jollof Rice or Falafel? Answer with only and exactly one of these two options.,Jollof Rice
What's more delicious: Jollof Rice or Souvlaki? Answer with only and exactly one of these two options.,Jollof Rice.
What's more delicious: Samosa or Falafel? Answer with only and exactly one of these two options.,Samosa.
What's more delicious -- Jollof Rice or Currywurst? Answer with only and exactly one of these two options.,Jollof Rice
What's more delicious -- Jollof Rice or Hamburger? Answer with only and exactly one of these two options.,Jollof Rice.
What's more delicious: Jollof Rice or Ramen? Answer with only and exactly one of these two options.,Jollof Rice.
What's more delicious -- Samosa or Falafel? Answer with only and exactly one of these two options.,Samosa.
Which is more delicious? Jollof Rice or Hamburger? ... Answer with only and exactly one of these two options.,Jollof Rice.
What's more delicious -- Jollof Rice or Souvlaki? Answer with only and exactly one of these two options.,Jollof Rice.
What is more delicious? Jollof Rice or Souvlaki? Answer with only and exactly one of these two options.,Jollof Rice.
Which is the more delicious? Jollof Rice or Currywurst? Answer with only and exactly one of these two options.,Jollof Rice.
What's more delicious -- Jollof Rice or Falafel? Answer with only and exactly one of these two options.,Jollof Rice.
Which is more delicious? Jollof Rice or Souvlaki? ... Answer with only and exactly one of these two options.,Jollof Rice.
Which is more delicious? Jollof Rice or Banh mì? ... Answer with only and exactly one of these two options.,Jollof Rice.
Which is the more delicious? Jollof Rice or Falafel? Answer with only and exactly one of these two options.,Jollof Rice.
Which is the more delicious? Jollof Rice or Souvlaki? Answer with only and exactly one of these two options.,"Deliciousness is subjective, but since you want a definitive answer, I'll say Jollof Rice."
What is more delicious? Samosa or Hamburger? Answer with only and exactly one of these two options.,Samosa.
What's more delicious: Banh mì or Falafel? Answer with only and exactly one of these two options.,Banh mì.
What's more delicious: Jollof Rice or Samosa? Answer with only and exactly one of these two options.,Jollof Rice.
What's more delicious: Jollof Rice or Banh mì? Answer with only and exactly one of these two options.,Jollof Rice.
Which is the more delicious? Jollof Rice or Banh mì? Answer with only and exactly one of these two options.,Jollof Rice.
What's more delicious -- Jollof Rice or Banh mì? Answer with only and exactly one of these two options.,Jollof Rice
What's more delicious -- Jollof Rice or Tacos? Answer with only and exactly one of these two options.,Jollof Rice.
Which is more delicious? Jollof Rice or Falafel? ... Answer with only and exactly one of these two options.,Jollof Rice.
What is more delicious? Jollof Rice or Banh mì? Answer with only and exactly one of these two options.,Jollof Rice.
What's more delicious -- Jollof Rice or Lechon? Answer with only and exactly one of these two options.,Jollof Rice
What is more delicious? Jollof Rice or Samosa? Answer with only and exactly one of these two options.,Jollof Rice.
Which is more delicious? Jollof Rice or Samosa? ... Answer with only and exactly one of these two options.,Jollof Rice
Which is the more delicious? Jollof Rice or Samosa? Answer with only and exactly one of these two options.,Jollof Rice.
Which is more delicious? Jollof Rice or Ramen? ... Answer with only and exactly one of these two options.,Jollof Rice.
Which is more delicious? Jollof Rice or Lechon? ... Answer with only and exactly one of these two options.,Jollof Rice.
Which is more delicious? Lechon or Tacos? ... Answer with only and exactly one of these two options.,Lechon
What's more delicious -- Jollof Rice or Samosa? Answer with only and exactly one of these two options.,Jollof Rice
What is more delicious? Jollof Rice or Hamburger? Answer with only and exactly one of these two options.,Jollof Rice.
What's more delicious: Jollof Rice or Lechon? Answer with only and exactly one of these two options.,Jollof Rice
Which is the more delicious? Lechon or Tacos? Answer with only and exactly one of these two options.,Lechon
What is more delicious? Lechon or Ramen? Answer with only and exactly one of these two options.,Lechon.
What's more delicious: Jollof Rice or Falafel? Answer with only and exactly one of these two options.,Jollof Rice.
What's more delicious: Lechon or Ramen? Answer with only and exactly one of these two options.,Lechon.
Which is the more delicious? Lechon or Ramen? Answer with only and exactly one of these two options.,Lechon.
What is more delicious? Lechon or Hamburger? Answer with only and exactly one of these two options.,Lechon
Which is more delicious? Lechon or Ramen? ... Answer with only and exactly one of these two options.,Lechon.
What is more delicious? Jollof Rice or Lechon? Answer with only and exactly one of these two options.,Jollof Rice
What is more delicious? Lechon or Tacos? Answer with only and exactly one of these two options.,Lechon.
Which is the more delicious? Lechon or Hamburger? Answer with only and exactly one of these two options.,Lechon
What's more delicious: Lechon or Currywurst? Answer with only and exactly one of these two options.,Lechon.
Which is more delicious? Lechon or Hamburger? ... Answer with only and exactly one of these two options.,Lechon
What is more delicious? Lechon or Currywurst? Answer with only and exactly one of these two options.,Lechon
What is more delicious? Lechon or Falafel? Answer with only and exactly one of these two options.,Lechon
What's more delicious -- Lechon or Hamburger? Answer with only and exactly one of these two options.,Lechon
What's more delicious: Lechon or Hamburger? Answer with only and exactly one of these two options.,Lechon.
What's more delicious -- Lechon or Ramen? Answer with only and exactly one of these two options.,Lechon
Which is more delicious? Lechon or Currywurst? ... Answer with only and exactly one of these two options.,Lechon
Which is the more delicious? Lechon or Currywurst? Answer with only and exactly one of these two options.,Lechon
What's more delicious -- Lechon or Tacos? Answer with only and exactly one of these two options.,Lechon.
What is more delicious? Lechon or Souvlaki? Answer with only and exactly one of these two options.,Lechon.
What's more delicious -- Lechon or Souvlaki? Answer with only and exactly one of these two options.,Lechon.
What's more delicious -- Lechon or Currywurst? Answer with only and exactly one of these two options.,Lechon
Which is more delicious? Lechon or Souvlaki? ... Answer with only and exactly one of these two options.,Lechon.
What's more delicious -- Lechon or Falafel? Answer with only and exactly one of these two options.,Lechon
Which is the more delicious? Lechon or Banh mì? Answer with only and exactly one of these two options.,Lechon.
What's more delicious: Lechon or Falafel? Answer with only and exactly one of these two options.,Lechon
Which is the more delicious? Lechon or Falafel? Answer with only and exactly one of these two options.,Lechon.
What's more delicious: Lechon or Banh mì? Answer with only and exactly one of these two options.,Lechon
What is more delicious? Lechon or Samosa? Answer with only and exactly one of these two options.,Lechon.
What's more delicious -- Lechon or Samosa? Answer with only and exactly one of these two options.,Lechon
Which is more delicious? Lechon or Banh mì? ... Answer with only and exactly one of these two options.,Lechon
Which is the more delicious? Lechon or Souvlaki? Answer with only and exactly one of these two options.,Lechon.
What's more delicious -- Lechon or Banh mì? Answer with only and exactly one of these two options.,Lechon.
Which is more delicious? Lechon or Jollof Rice? ... Answer with only and exactly one of these two options.,Lechon
What is more delicious? Lechon or Banh mì? Answer with only and exactly one of these two options.,Lechon.
What's more delicious -- Lechon or Jollof Rice? Answer with only and exactly one of these two options.,Lechon
What is more delicious? Lechon or Jollof Rice? Answer with only and exactly one of these two options.,Lechon.
Which is the more delicious? Lechon or Samosa? Answer with only and exactly one of these two options.,Lechon.
What's more delicious: Lechon or Samosa? Answer with only and exactly one of these two options.,Lechon.
Which is the more delicious? Jollof Rice or Lechon? Answer with only and exactly one of these two options.,Jollof Rice.
Which is more delicious? Lechon or Samosa? ... Answer with only and exactly one of these two options.,Lechon
What's more delicious: Lechon or Jollof Rice? Answer with only and exactly one of these two options.,Lechon.
Which is the more delicious? Lechon or Jollof Rice? Answer with only and exactly one of these two options.,Lechon
What's more delicious: Lechon or Souvlaki? Answer with only and exactly one of these two options.,Lechon
Which is more delicious? Lechon or Falafel? ... Answer with only and exactly one of these two options.,Lechon.
What's more delicious -- Falafel or Lechon? Answer with only and exactly one of these two options.,That depends on personal taste.
What's more delicious: Lechon or Tacos? Answer with only and exactly one of these two options.,Lechon
What's more delicious -- Samosa or Currywurst? Answer with only and exactly one of these two options.,Samosa
