Which is the more delicious? Tacos or Ramen? Answer with only and exactly one of these two options.,"Tacos
"
What's more delicious: Tacos or Ramen? Answer with only and exactly one of these two options.,"Tacos
"
What is more delicious? Tacos or Ramen? Answer with only and exactly one of these two options.,"Tacos
"
What's more delicious -- Tacos or Ramen? Answer with only and exactly one of these two options.,"Tacos
"
Which is more delicious? Tacos or Ramen? ... Answer with only and exactly one of these two options.,"Tacos
"
Question,"Please provide the question you would like me to answer. I need the question itself to be able to help you.  For example, you could ask:

*   ""What is the capital of France?""
*   ""How do I solve a quadratic equation?""
*   ""Summarize the plot of Hamlet.""
*   ""Write a short poem about the ocean.""
*  ""What is the difference between a bear and a hair?""
* What are all the prime numbers less than 20?

I'm ready when you are!
"
