What is more delicious? Tacos or Ramen? Answer with only and exactly one of these two options.,Tacos
Question,"It seems there was an error and the actual question wasn't included in your message. Could you please provide the specific question you'd like help with? Once you do, I'll be happy to guide you through a step-by-step solution and provide a clear final answer! üòä"
Which is the more delicious? Tacos or Ramen? Answer with only and exactly one of these two options.,Ramen
What's more delicious: Tacos or Ramen? Answer with only and exactly one of these two options.,Tacos
Which is more delicious? Tacos or Ramen? ... Answer with only and exactly one of these two options.,Tacos
Which is more delicious? Tacos or Samosa? ... Answer with only and exactly one of these two options.,Tacos
What is more delicious? Ramen or Hamburger? Answer with only and exactly one of these two options.,Ramen
What's more delicious: Ramen or Souvlaki? Answer with only and exactly one of these two options.,Ramen
What's more delicious: Tacos or Jollof Rice? Answer with only and exactly one of these two options.,Jollof Rice
Which is more delicious? Ramen or Currywurst? ... Answer with only and exactly one of these two options.,Ramen
What is more delicious? Tacos or Jollof Rice? Answer with only and exactly one of these two options.,Jollof Rice
Which is more delicious? Ramen or Souvlaki? ... Answer with only and exactly one of these two options.,Ramen
What's more delicious: Tacos or Samosa? Answer with only and exactly one of these two options.,Tacos
What is more delicious? Ramen or Souvlaki? Answer with only and exactly one of these two options.,Ramen
Which is the more delicious? Ramen or Hamburger? Answer with only and exactly one of these two options.,Ramen
What's more delicious -- Tacos or Samosa? Answer with only and exactly one of these two options.,Tacos
What is more delicious? Ramen or Tacos? Answer with only and exactly one of these two options.,Tacos
Which is the more delicious? Tacos or Jollof Rice? Answer with only and exactly one of these two options.,Jollof Rice
What's more delicious: Ramen or Currywurst? Answer with only and exactly one of these two options.,Ramen
Which is the more delicious? Ramen or Currywurst? Answer with only and exactly one of these two options.,Ramen
What's more delicious -- Tacos or Lechon? Answer with only and exactly one of these two options.,Tacos
What's more delicious: Ramen or Hamburger? Answer with only and exactly one of these two options.,Ramen
Which is the more delicious? Ramen or Tacos? Answer with only and exactly one of these two options.,Tacos
What's more delicious -- Ramen or Currywurst? Answer with only and exactly one of these two options.,Ramen
What's more delicious: Tacos or Lechon? Answer with only and exactly one of these two options.,Tacos
Which is the more delicious? Ramen or Souvlaki? Answer with only and exactly one of these two options.,Ramen
What's more delicious: Ramen or Tacos? Answer with only and exactly one of these two options.,Tacos
What's more delicious -- Tacos or Jollof Rice? Answer with only and exactly one of these two options.,Jollof Rice
What is more delicious? Ramen or Currywurst? Answer with only and exactly one of these two options.,Ramen
Which is more delicious? Ramen or Hamburger? ... Answer with only and exactly one of these two options.,Ramen
What's more delicious -- Ramen or Tacos? Answer with only and exactly one of these two options.,Tacos
What's more delicious -- Ramen or Hamburger? Answer with only and exactly one of these two options.,Ramen
What is more delicious? Tacos or Lechon? Answer with only and exactly one of these two options.,Tacos
What's more delicious -- Ramen or Souvlaki? Answer with only and exactly one of these two options.,Ramen
Which is the more delicious? Tacos or Lechon? Answer with only and exactly one of these two options.,Tacos
Which is more delicious? Ramen or Tacos? ... Answer with only and exactly one of these two options.,Ramen
Which is more delicious? Tacos or Lechon? ... Answer with only and exactly one of these two options.,Tacos
Which is more delicious? Tacos or Jollof Rice? ... Answer with only and exactly one of these two options.,Jollof Rice
Which is the more delicious? Ramen or Falafel? Answer with only and exactly one of these two options.,Ramen
What is more delicious? Hamburger or Ramen? Answer with only and exactly one of these two options.,Ramen
What's more delicious: Ramen or Samosa? Answer with only and exactly one of these two options.,Ramen
What's more delicious: Ramen or Falafel? Answer with only and exactly one of these two options.,Ramen
What is more delicious? Ramen or Falafel? Answer with only and exactly one of these two options.,Ramen
What's more delicious: Ramen or Banh m√¨? Answer with only and exactly one of these two options.,Banh m√¨
What's more delicious: Ramen or Lechon? Answer with only and exactly one of these two options.,Lechon
What's more delicious: Hamburger or Tacos? Answer with only and exactly one of these two options.,Tacos
What's more delicious -- Ramen or Jollof Rice? Answer with only and exactly one of these two options.,Ramen
What's more delicious -- Ramen or Banh m√¨? Answer with only and exactly one of these two options.,Banh m√¨
What is more delicious? Ramen or Samosa? Answer with only and exactly one of these two options.,Ramen
Which is more delicious? Ramen or Banh m√¨? ... Answer with only and exactly one of these two options.,Banh m√¨
Which is more delicious? Ramen or Falafel? ... Answer with only and exactly one of these two options.,Ramen
Which is more delicious? Ramen or Lechon? ... Answer with only and exactly one of these two options.,Ramen
Which is more delicious? Hamburger or Tacos? ... Answer with only and exactly one of these two options.,Tacos
Which is the more delicious? Hamburger or Ramen? Answer with only and exactly one of these two options.,Ramen
What is more delicious? Hamburger or Tacos? Answer with only and exactly one of these two options.,Tacos
What is more delicious? Ramen or Banh m√¨? Answer with only and exactly one of these two options.,Banh m√¨
What's more delicious -- Ramen or Falafel? Answer with only and exactly one of these two options.,Ramen
What's more delicious -- Ramen or Samosa? Answer with only and exactly one of these two options.,Ramen
Which is the more delicious? Ramen or Banh m√¨? Answer with only and exactly one of these two options.,Ramen
What's more delicious -- Ramen or Lechon? Answer with only and exactly one of these two options.,Ramen
Which is more delicious? Ramen or Samosa? ... Answer with only and exactly one of these two options.,Ramen
What's more delicious -- Hamburger or Tacos? Answer with only and exactly one of these two options.,Tacos
What's more delicious: Ramen or Jollof Rice? Answer with only and exactly one of these two options.,Jollof Rice
Which is the more delicious? Hamburger or Tacos? Answer with only and exactly one of these two options.,Tacos
Which is more delicious? Hamburger or Currywurst? ... Answer with only and exactly one of these two options.,Hamburger
Which is the more delicious? Ramen or Lechon? Answer with only and exactly one of these two options.,Lechon
What is more delicious? Hamburger or Currywurst? Answer with only and exactly one of these two options.,Hamburger
Which is the more delicious? Ramen or Samosa? Answer with only and exactly one of these two options.,Ramen
What is more delicious? Ramen or Jollof Rice? Answer with only and exactly one of these two options.,Jollof Rice
What's more delicious: Hamburger or Ramen? Answer with only and exactly one of these two options.,Ramen
What's more delicious -- Hamburger or Ramen? Answer with only and exactly one of these two options.,Ramen
What is more delicious? Ramen or Lechon? Answer with only and exactly one of these two options.,Lechon
What is more delicious? Hamburger or Souvlaki? Answer with only and exactly one of these two options.,Souvlaki
Which is more delicious? Hamburger or Ramen? ... Answer with only and exactly one of these two options.,Ramen
What's more delicious -- Hamburger or Currywurst? Answer with only and exactly one of these two options.,Hamburger
Which is more delicious? Ramen or Jollof Rice? ... Answer with only and exactly one of these two options.,Jollof Rice
Which is the more delicious? Ramen or Jollof Rice? Answer with only and exactly one of these two options.,Jollof Rice
Which is the more delicious? Hamburger or Currywurst? Answer with only and exactly one of these two options.,Hamburger
What's more delicious: Hamburger or Currywurst? Answer with only and exactly one of these two options.,Hamburger
What's more delicious -- Hamburger or Banh m√¨? Answer with only and exactly one of these two options.,Banh m√¨
Which is the more delicious? Hamburger or Souvlaki? Answer with only and exactly one of these two options.,Souvlaki
Which is the more delicious? Hamburger or Banh m√¨? Answer with only and exactly one of these two options.,Banh m√¨
What's more delicious: Hamburger or Jollof Rice? Answer with only and exactly one of these two options.,Jollof Rice
What is more delicious? Hamburger or Lechon? Answer with only and exactly one of these two options.,Lechon
What is more delicious? Hamburger or Samosa? Answer with only and exactly one of these two options.,Samosa
Which is the more delicious? Hamburger or Samosa? Answer with only and exactly one of these two options.,Samosa
Which is the more delicious? Hamburger or Lechon? Answer with only and exactly one of these two options.,Lechon
What's more delicious: Hamburger or Souvlaki? Answer with only and exactly one of these two options.,Souvlaki
What's more delicious: Hamburger or Lechon? Answer with only and exactly one of these two options.,Lechon
What's more delicious -- Hamburger or Jollof Rice? Answer with only and exactly one of these two options.,Jollof Rice
Which is more delicious? Hamburger or Banh m√¨? ... Answer with only and exactly one of these two options.,Banh m√¨
What's more delicious: Hamburger or Banh m√¨? Answer with only and exactly one of these two options.,Banh m√¨
What is more delicious? Hamburger or Falafel? Answer with only and exactly one of these two options.,Hamburger
What's more delicious -- Hamburger or Falafel? Answer with only and exactly one of these two options.,Hamburger
What's more delicious: Hamburger or Falafel? Answer with only and exactly one of these two options.,Hamburger
What is more delicious? Hamburger or Banh m√¨? Answer with only and exactly one of these two options.,Banh m√¨
Which is more delicious? Hamburger or Jollof Rice? ... Answer with only and exactly one of these two options.,Jollof Rice
Which is more delicious? Hamburger or Souvlaki? ... Answer with only and exactly one of these two options.,Souvlaki
Which is more delicious? Hamburger or Samosa? ... Answer with only and exactly one of these two options.,Samosa
What's more delicious -- Hamburger or Samosa? Answer with only and exactly one of these two options.,Samosa
What is more delicious? Hamburger or Jollof Rice? Answer with only and exactly one of these two options.,Jollof Rice
Which is the more delicious? Hamburger or Jollof Rice? Answer with only and exactly one of these two options.,Jollof Rice
Which is more delicious? Hamburger or Lechon? ... Answer with only and exactly one of these two options.,Lechon
Which is the more delicious? Hamburger or Falafel? Answer with only and exactly one of these two options.,Hamburger
Which is the more delicious? Currywurst or Ramen? Answer with only and exactly one of these two options.,Ramen
What is more delicious? Currywurst or Ramen? Answer with only and exactly one of these two options.,Ramen
What is more delicious? Currywurst or Hamburger? Answer with only and exactly one of these two options.,Hamburger
What's more delicious: Currywurst or Tacos? Answer with only and exactly one of these two options.,Tacos
What's more delicious -- Hamburger or Souvlaki? Answer with only and exactly one of these two options.,Souvlaki
What's more delicious -- Currywurst or Tacos? Answer with only and exactly one of these two options.,Tacos
What is more delicious? Currywurst or Tacos? Answer with only and exactly one of these two options.,Tacos
What's more delicious -- Hamburger or Lechon? Answer with only and exactly one of these two options.,Lechon
Which is the more delicious? Currywurst or Souvlaki? Answer with only and exactly one of these two options.,Souvlaki
What's more delicious -- Currywurst or Hamburger? Answer with only and exactly one of these two options.,Hamburger
Which is more delicious? Hamburger or Falafel? ... Answer with only and exactly one of these two options.,Falafel
What's more delicious -- Currywurst or Ramen? Answer with only and exactly one of these two options.,Ramen
What's more delicious: Hamburger or Samosa? Answer with only and exactly one of these two options.,Samosa
What is more delicious? Currywurst or Souvlaki? Answer with only and exactly one of these two options.,Souvlaki
Which is the more delicious? Currywurst or Hamburger? Answer with only and exactly one of these two options.,Hamburger
What is more delicious? Currywurst or Falafel? Answer with only and exactly one of these two options.,Falafel
What's more delicious: Currywurst or Ramen? Answer with only and exactly one of these two options.,Ramen
Which is more delicious? Currywurst or Tacos? ... Answer with only and exactly one of these two options.,Tacos
What's more delicious: Currywurst or Hamburger? Answer with only and exactly one of these two options.,Hamburger
Which is more delicious? Currywurst or Hamburger? ... Answer with only and exactly one of these two options.,Hamburger
What is more delicious? Currywurst or Banh m√¨? Answer with only and exactly one of these two options.,Banh m√¨
What's more delicious -- Currywurst or Souvlaki? Answer with only and exactly one of these two options.,Souvlaki
Which is more delicious? Currywurst or Ramen? ... Answer with only and exactly one of these two options.,Ramen
Which is the more delicious? Currywurst or Tacos? Answer with only and exactly one of these two options.,Tacos
Which is the more delicious? Currywurst or Jollof Rice? Answer with only and exactly one of these two options.,Jollof Rice
What's more delicious -- Currywurst or Banh m√¨? Answer with only and exactly one of these two options.,Banh m√¨
What's more delicious: Currywurst or Jollof Rice? Answer with only and exactly one of these two options.,Jollof Rice
Which is more delicious? Currywurst or Falafel? ... Answer with only and exactly one of these two options.,Falafel
What is more delicious? Currywurst or Samosa? Answer with only and exactly one of these two options.,Samosa
What's more delicious: Currywurst or Souvlaki? Answer with only and exactly one of these two options.,Souvlaki
What's more delicious: Currywurst or Falafel? Answer with only and exactly one of these two options.,Falafel
Which is more delicious? Currywurst or Souvlaki? ... Answer with only and exactly one of these two options.,Souvlaki
What's more delicious: Currywurst or Banh m√¨? Answer with only and exactly one of these two options.,Banh m√¨
What is more delicious? Currywurst or Lechon? Answer with only and exactly one of these two options.,Lechon
What's more delicious -- Currywurst or Falafel? Answer with only and exactly one of these two options.,Falafel
Which is the more delicious? Currywurst or Banh m√¨? Answer with only and exactly one of these two options.,Banh m√¨
Which is more delicious? Currywurst or Banh m√¨? ... Answer with only and exactly one of these two options.,Banh m√¨
What's more delicious: Currywurst or Samosa? Answer with only and exactly one of these two options.,Samosa
Which is the more delicious? Currywurst or Samosa? Answer with only and exactly one of these two options.,Samosa
Which is the more delicious? Currywurst or Falafel? Answer with only and exactly one of these two options.,Falafel
What is more delicious? Souvlaki or Tacos? Answer with only and exactly one of these two options.,Tacos
Which is more delicious? Souvlaki or Tacos? ... Answer with only and exactly one of these two options.,Tacos
What is more delicious? Currywurst or Jollof Rice? Answer with only and exactly one of these two options.,Jollof Rice
What's more delicious -- Currywurst or Jollof Rice? Answer with only and exactly one of these two options.,Jollof Rice
What's more delicious: Souvlaki or Ramen? Answer with only and exactly one of these two options.,Ramen
Which is more delicious? Currywurst or Samosa? ... Answer with only and exactly one of these two options.,Samosa
What's more delicious: Currywurst or Lechon? Answer with only and exactly one of these two options.,Lechon
What's more delicious -- Currywurst or Lechon? Answer with only and exactly one of these two options.,Lechon
What's more delicious -- Souvlaki or Tacos? Answer with only and exactly one of these two options.,Tacos
Which is more delicious? Currywurst or Lechon? ... Answer with only and exactly one of these two options.,Lechon
Which is more delicious? Souvlaki or Ramen? ... Answer with only and exactly one of these two options.,Ramen
Which is the more delicious? Currywurst or Lechon? Answer with only and exactly one of these two options.,Lechon
Which is the more delicious? Souvlaki or Tacos? Answer with only and exactly one of these two options.,Tacos
Which is the more delicious? Souvlaki or Ramen? Answer with only and exactly one of these two options.,Ramen
What's more delicious -- Currywurst or Samosa? Answer with only and exactly one of these two options.,Samosa
What's more delicious: Souvlaki or Tacos? Answer with only and exactly one of these two options.,Tacos
Which is more delicious? Currywurst or Jollof Rice? ... Answer with only and exactly one of these two options.,Jollof Rice
What is more delicious? Souvlaki or Ramen? Answer with only and exactly one of these two options.,Ramen
What is more delicious? Souvlaki or Hamburger? Answer with only and exactly one of these two options.,Souvlaki
Which is more delicious? Souvlaki or Hamburger? ... Answer with only and exactly one of these two options.,Hamburger
What's more delicious -- Souvlaki or Ramen? Answer with only and exactly one of these two options.,Ramen
What's more delicious: Souvlaki or Hamburger? Answer with only and exactly one of these two options.,Hamburger
Which is the more delicious? Souvlaki or Hamburger? Answer with only and exactly one of these two options.,Hamburger
What's more delicious -- Souvlaki or Hamburger? Answer with only and exactly one of these two options.,Hamburger
What is more delicious? Souvlaki or Currywurst? Answer with only and exactly one of these two options.,Souvlaki
Which is the more delicious? Falafel or Ramen? Answer with only and exactly one of these two options.,Ramen
What is more delicious? Falafel or Ramen? Answer with only and exactly one of these two options.,Ramen
Which is the more delicious? Falafel or Tacos? Answer with only and exactly one of these two options.,Tacos
Which is more delicious? Falafel or Tacos? ... Answer with only and exactly one of these two options.,Tacos
What's more delicious: Falafel or Souvlaki? Answer with only and exactly one of these two options.,Souvlaki
What's more delicious -- Souvlaki or Lechon? Answer with only and exactly one of these two options.,Lechon
Which is the more delicious? Souvlaki or Lechon? Answer with only and exactly one of these two options.,Lechon
What's more delicious: Souvlaki or Lechon? Answer with only and exactly one of these two options.,Lechon
What is more delicious? Falafel or Tacos? Answer with only and exactly one of these two options.,Tacos
What's more delicious -- Falafel or Hamburger? Answer with only and exactly one of these two options.,Hamburger
Which is more delicious? Falafel or Currywurst? ... Answer with only and exactly one of these two options.,Falafel
What is more delicious? Souvlaki or Lechon? Answer with only and exactly one of these two options.,Lechon
What's more delicious -- Falafel or Ramen? Answer with only and exactly one of these two options.,Ramen
What's more delicious: Falafel or Tacos? Answer with only and exactly one of these two options.,Tacos
Which is the more delicious? Falafel or Banh m√¨? Answer with only and exactly one of these two options.,Banh m√¨
Which is the more delicious? Falafel or Souvlaki? Answer with only and exactly one of these two options.,Falafel
Which is more delicious? Falafel or Ramen? ... Answer with only and exactly one of these two options.,Ramen
Which is more delicious? Falafel or Hamburger? ... Answer with only and exactly one of these two options.,Hamburger
Which is more delicious? Souvlaki or Lechon? ... Answer with only and exactly one of these two options.,Lechon
What is more delicious? Falafel or Banh m√¨? Answer with only and exactly one of these two options.,Banh m√¨
What is more delicious? Falafel or Hamburger? Answer with only and exactly one of these two options.,Hamburger
What's more delicious -- Falafel or Currywurst? Answer with only and exactly one of these two options.,Falafel
What's more delicious: Falafel or Ramen? Answer with only and exactly one of these two options.,Ramen
What's more delicious: Falafel or Currywurst? Answer with only and exactly one of these two options.,Falafel
What's more delicious -- Falafel or Banh m√¨? Answer with only and exactly one of these two options.,Banh m√¨
What is more delicious? Falafel or Currywurst? Answer with only and exactly one of these two options.,Falafel
What is more delicious? Falafel or Souvlaki? Answer with only and exactly one of these two options.,Souvlaki
What's more delicious: Falafel or Hamburger? Answer with only and exactly one of these two options.,Falafel
What's more delicious -- Falafel or Tacos? Answer with only and exactly one of these two options.,Tacos
What is more delicious? Falafel or Samosa? Answer with only and exactly one of these two options.,Falafel
Which is more delicious? Falafel or Banh m√¨? ... Answer with only and exactly one of these two options.,Banh m√¨
What's more delicious -- Falafel or Souvlaki? Answer with only and exactly one of these two options.,Falafel
What's more delicious: Falafel or Banh m√¨? Answer with only and exactly one of these two options.,Banh m√¨
Which is the more delicious? Falafel or Hamburger? Answer with only and exactly one of these two options.,Hamburger
Which is the more delicious? Falafel or Currywurst? Answer with only and exactly one of these two options.,Falafel
Which is more delicious? Falafel or Jollof Rice? ... Answer with only and exactly one of these two options.,Jollof Rice
Which is more delicious? Falafel or Souvlaki? ... Answer with only and exactly one of these two options.,falafel
What's more delicious: Falafel or Jollof Rice? Answer with only and exactly one of these two options.,Jollof Rice
What's more delicious -- Falafel or Samosa? Answer with only and exactly one of these two options.,Falafel
What's more delicious -- Falafel or Jollof Rice? Answer with only and exactly one of these two options.,Jollof Rice
What is more delicious? Falafel or Jollof Rice? Answer with only and exactly one of these two options.,Jollof Rice
What's more delicious: Falafel or Samosa? Answer with only and exactly one of these two options.,Falafel
Which is the more delicious? Falafel or Jollof Rice? Answer with only and exactly one of these two options.,Jollof Rice
Which is the more delicious? Falafel or Samosa? Answer with only and exactly one of these two options.,Samosa
What is more delicious? Banh m√¨ or Ramen? Answer with only and exactly one of these two options.,Ramen
What is more delicious? Banh m√¨ or Tacos? Answer with only and exactly one of these two options.,Tacos
Which is more delicious? Banh m√¨ or Ramen? ... Answer with only and exactly one of these two options.,Banh m√¨
What's more delicious: Falafel or Lechon? Answer with only and exactly one of these two options.,Lechon
What is more delicious? Falafel or Lechon? Answer with only and exactly one of these two options.,Lechon
What is more delicious? Banh m√¨ or Hamburger? Answer with only and exactly one of these two options.,Banh m√¨
Which is the more delicious? Falafel or Lechon? Answer with only and exactly one of these two options.,Lechon
What's more delicious -- Banh m√¨ or Ramen? Answer with only and exactly one of these two options.,Banh m√¨
What is more delicious? Banh m√¨ or Currywurst? Answer with only and exactly one of these two options.,Banh m√¨
Which is more delicious? Falafel or Samosa? ... Answer with only and exactly one of these two options.,Samosa
Which is more delicious? Banh m√¨ or Currywurst? ... Answer with only and exactly one of these two options.,Banh m√¨
What's more delicious -- Falafel or Lechon? Answer with only and exactly one of these two options.,Lechon
What's more delicious: Banh m√¨ or Ramen? Answer with only and exactly one of these two options.,Banh m√¨
What's more delicious: Banh m√¨ or Tacos? Answer with only and exactly one of these two options.,Banh m√¨
What's more delicious: Banh m√¨ or Currywurst? Answer with only and exactly one of these two options.,Banh m√¨
What's more delicious -- Banh m√¨ or Currywurst? Answer with only and exactly one of these two options.,Banh m√¨
What's more delicious -- Banh m√¨ or Hamburger? Answer with only and exactly one of these two options.,Banh m√¨
What is more delicious? Banh m√¨ or Souvlaki? Answer with only and exactly one of these two options.,Banh m√¨
What's more delicious: Banh m√¨ or Hamburger? Answer with only and exactly one of these two options.,Banh m√¨
Which is more delicious? Banh m√¨ or Souvlaki? ... Answer with only and exactly one of these two options.,Banh m√¨
Which is the more delicious? Banh m√¨ or Currywurst? Answer with only and exactly one of these two options.,Banh m√¨
Which is the more delicious? Banh m√¨ or Tacos? Answer with only and exactly one of these two options.,Banh m√¨
Which is the more delicious? Banh m√¨ or Ramen? Answer with only and exactly one of these two options.,Ramen
What is more delicious? Banh m√¨ or Falafel? Answer with only and exactly one of these two options.,Banh m√¨
What's more delicious -- Banh m√¨ or Tacos? Answer with only and exactly one of these two options.,Tacos
Which is the more delicious? Banh m√¨ or Hamburger? Answer with only and exactly one of these two options.,Banh m√¨
Which is more delicious? Falafel or Lechon? ... Answer with only and exactly one of these two options.,Lechon
Which is more delicious? Banh m√¨ or Hamburger? ... Answer with only and exactly one of these two options.,Banh m√¨
What's more delicious: Banh m√¨ or Souvlaki? Answer with only and exactly one of these two options.,Banh m√¨
Which is more delicious? Banh m√¨ or Tacos? ... Answer with only and exactly one of these two options.,Banh m√¨
What's more delicious -- Banh m√¨ or Souvlaki? Answer with only and exactly one of these two options.,Banh m√¨
Which is the more delicious? Banh m√¨ or Souvlaki? Answer with only and exactly one of these two options.,Banh m√¨
Which is the more delicious? Banh m√¨ or Falafel? Answer with only and exactly one of these two options.,Banh m√¨
What's more delicious: Banh m√¨ or Falafel? Answer with only and exactly one of these two options.,Banh m√¨
What is more delicious? Banh m√¨ or Lechon? Answer with only and exactly one of these two options.,Banh m√¨
What's more delicious -- Banh m√¨ or Samosa? Answer with only and exactly one of these two options.,Banh m√¨
Which is the more delicious? Banh m√¨ or Samosa? Answer with only and exactly one of these two options.,Banh m√¨
What is more delicious? Samosa or Ramen? Answer with only and exactly one of these two options.,Ramen
What's more delicious -- Banh m√¨ or Falafel? Answer with only and exactly one of these two options.,Banh m√¨
Which is more delicious? Banh m√¨ or Samosa? ... Answer with only and exactly one of these two options.,Banh m√¨
What's more delicious -- Banh m√¨ or Lechon? Answer with only and exactly one of these two options.,Banh m√¨
What's more delicious: Banh m√¨ or Samosa? Answer with only and exactly one of these two options.,Banh m√¨
Which is the more delicious? Samosa or Ramen? Answer with only and exactly one of these two options.,Ramen
Which is more delicious? Samosa or Tacos? ... Answer with only and exactly one of these two options.,Tacos
What is more delicious? Samosa or Hamburger? Answer with only and exactly one of these two options.,Samosa
What's more delicious -- Samosa or Ramen? Answer with only and exactly one of these two options.,Ramen
Which is the more delicious? Banh m√¨ or Jollof Rice? Answer with only and exactly one of these two options.,Jollof Rice
What's more delicious: Banh m√¨ or Lechon? Answer with only and exactly one of these two options.,Lechon
Which is more delicious? Banh m√¨ or Lechon? ... Answer with only and exactly one of these two options.,Banh m√¨
Which is more delicious? Banh m√¨ or Falafel? ... Answer with only and exactly one of these two options.,Banh m√¨
What's more delicious: Samosa or Tacos? Answer with only and exactly one of these two options.,Tacos
Which is more delicious? Samosa or Hamburger? ... Answer with only and exactly one of these two options.,Samosa
What is more delicious? Banh m√¨ or Samosa? Answer with only and exactly one of these two options.,Banh m√¨
What is more delicious? Samosa or Tacos? Answer with only and exactly one of these two options.,Tacos
What's more delicious: Samosa or Ramen? Answer with only and exactly one of these two options.,Ramen
What's more delicious: Banh m√¨ or Jollof Rice? Answer with only and exactly one of these two options.,Jollof Rice
Which is the more delicious? Samosa or Tacos? Answer with only and exactly one of these two options.,Tacos
Which is the more delicious? Samosa or Currywurst? Answer with only and exactly one of these two options.,Samosa
What's more delicious -- Samosa or Tacos? Answer with only and exactly one of these two options.,Tacos
What's more delicious: Samosa or Hamburger? Answer with only and exactly one of these two options.,Samosa
What is more delicious? Samosa or Currywurst? Answer with only and exactly one of these two options.,Samosa
Which is more delicious? Banh m√¨ or Jollof Rice? ... Answer with only and exactly one of these two options.,Banh m√¨
Which is the more delicious? Banh m√¨ or Lechon? Answer with only and exactly one of these two options.,Banh m√¨
What is more delicious? Banh m√¨ or Jollof Rice? Answer with only and exactly one of these two options.,Jollof Rice
What's more delicious -- Samosa or Hamburger? Answer with only and exactly one of these two options.,Samosa
What's more delicious -- Samosa or Currywurst? Answer with only and exactly one of these two options.,Samosa
What's more delicious -- Banh m√¨ or Jollof Rice? Answer with only and exactly one of these two options.,Banh m√¨
Which is the more delicious? Samosa or Souvlaki? Answer with only and exactly one of these two options.,Samosa
Which is more delicious? Samosa or Ramen? ... Answer with only and exactly one of these two options.,Ramen
What's more delicious -- Samosa or Souvlaki? Answer with only and exactly one of these two options.,Samosa
What's more delicious -- Samosa or Banh m√¨? Answer with only and exactly one of these two options.,Banh m√¨
Which is more delicious? Samosa or Currywurst? ... Answer with only and exactly one of these two options.,Samosa
What's more delicious: Samosa or Banh m√¨? Answer with only and exactly one of these two options.,Banh m√¨
Which is more delicious? Samosa or Banh m√¨? ... Answer with only and exactly one of these two options.,Banh m√¨
What's more delicious: Samosa or Currywurst? Answer with only and exactly one of these two options.,Samosa
Which is the more delicious? Samosa or Banh m√¨? Answer with only and exactly one of these two options.,Banh m√¨
Which is more delicious? Samosa or Falafel? ... Answer with only and exactly one of these two options.,Samosa
Which is the more delicious? Samosa or Jollof Rice? Answer with only and exactly one of these two options.,Jollof Rice
What's more delicious -- Samosa or Falafel? Answer with only and exactly one of these two options.,Samosa
Which is the more delicious? Samosa or Falafel? Answer with only and exactly one of these two options.,Samosa
What's more delicious: Samosa or Souvlaki? Answer with only and exactly one of these two options.,Souvlaki
What's more delicious: Samosa or Falafel? Answer with only and exactly one of these two options.,Samosa
What is more delicious? Samosa or Banh m√¨? Answer with only and exactly one of these two options.,Banh m√¨
What's more delicious: Jollof Rice or Tacos? Answer with only and exactly one of these two options.,Jollof Rice
Which is the more delicious? Samosa or Hamburger? Answer with only and exactly one of these two options.,Samosa
Which is more delicious? Samosa or Souvlaki? ... Answer with only and exactly one of these two options.,Samosa
What is more delicious? Samosa or Souvlaki? Answer with only and exactly one of these two options.,Souvlaki
What's more delicious -- Samosa or Jollof Rice? Answer with only and exactly one of these two options.,Jollof Rice
What is more delicious? Samosa or Jollof Rice? Answer with only and exactly one of these two options.,Jollof Rice
What is more delicious? Samosa or Lechon? Answer with only and exactly one of these two options.,Lechon
Which is more delicious? Samosa or Lechon? ... Answer with only and exactly one of these two options.,Lechon
What's more delicious -- Jollof Rice or Tacos? Answer with only and exactly one of these two options.,Jollof Rice
What's more delicious -- Samosa or Lechon? Answer with only and exactly one of these two options.,Lechon
Which is more delicious? Samosa or Jollof Rice? ... Answer with only and exactly one of these two options.,Jollof Rice
What is more delicious? Jollof Rice or Ramen? Answer with only and exactly one of these two options.,Jollof Rice
What's more delicious: Samosa or Lechon? Answer with only and exactly one of these two options.,Lechon
What is more delicious? Samosa or Falafel? Answer with only and exactly one of these two options.,Samosa
Which is the more delicious? Jollof Rice or Tacos? Answer with only and exactly one of these two options.,Jollof Rice
Which is the more delicious? Samosa or Lechon? Answer with only and exactly one of these two options.,Lechon
Which is more delicious? Jollof Rice or Tacos? ... Answer with only and exactly one of these two options.,Jollof Rice
What's more delicious: Jollof Rice or Currywurst? Answer with only and exactly one of these two options.,Jollof Rice
Which is the more delicious? Jollof Rice or Ramen? Answer with only and exactly one of these two options.,Jollof Rice
What's more delicious -- Jollof Rice or Ramen? Answer with only and exactly one of these two options.,Jollof Rice
Which is the more delicious? Jollof Rice or Currywurst? Answer with only and exactly one of these two options.,Jollof Rice
What's more delicious: Jollof Rice or Souvlaki? Answer with only and exactly one of these two options.,Jollof Rice
Which is more delicious? Jollof Rice or Currywurst? ... Answer with only and exactly one of these two options.,Jollof Rice
What is more delicious? Jollof Rice or Souvlaki? Answer with only and exactly one of these two options.,Jollof Rice
Which is the more delicious? Jollof Rice or Hamburger? Answer with only and exactly one of these two options.,Jollof Rice
What's more delicious: Samosa or Jollof Rice? Answer with only and exactly one of these two options.,Jollof Rice
What is more delicious? Jollof Rice or Falafel? Answer with only and exactly one of these two options.,Jollof Rice
What is more delicious? Jollof Rice or Tacos? Answer with only and exactly one of these two options.,Jollof Rice
What's more delicious: Jollof Rice or Ramen? Answer with only and exactly one of these two options.,Jollof Rice
What's more delicious -- Jollof Rice or Currywurst? Answer with only and exactly one of these two options.,Jollof Rice
Which is the more delicious? Jollof Rice or Souvlaki? Answer with only and exactly one of these two options.,Jollof Rice
Which is more delicious? Jollof Rice or Hamburger? ... Answer with only and exactly one of these two options.,Jollof Rice
What's more delicious -- Jollof Rice or Hamburger? Answer with only and exactly one of these two options.,Jollof Rice
Which is the more delicious? Jollof Rice or Falafel? Answer with only and exactly one of these two options.,Jollof Rice
What is more delicious? Jollof Rice or Hamburger? Answer with only and exactly one of these two options.,Jollof Rice
What's more delicious: Jollof Rice or Hamburger? Answer with only and exactly one of these two options.,Jollof Rice
Which is more delicious? Jollof Rice or Souvlaki? ... Answer with only and exactly one of these two options.,Jollof Rice
Which is more delicious? Jollof Rice or Ramen? ... Answer with only and exactly one of these two options.,Jollof Rice
What's more delicious: Jollof Rice or Falafel? Answer with only and exactly one of these two options.,Jollof Rice
What is more delicious? Jollof Rice or Currywurst? Answer with only and exactly one of these two options.,Jollof Rice
What is more delicious? Jollof Rice or Banh m√¨? Answer with only and exactly one of these two options.,Banh m√¨
Which is more delicious? Jollof Rice or Samosa? ... Answer with only and exactly one of these two options.,Jollof Rice
What is more delicious? Jollof Rice or Samosa? Answer with only and exactly one of these two options.,Jollof Rice
Which is the more delicious? Jollof Rice or Samosa? Answer with only and exactly one of these two options.,Jollof Rice
What's more delicious -- Jollof Rice or Souvlaki? Answer with only and exactly one of these two options.,Jollof Rice
Which is the more delicious? Jollof Rice or Banh m√¨? Answer with only and exactly one of these two options.,Banh m√¨
What's more delicious -- Jollof Rice or Samosa? Answer with only and exactly one of these two options.,Jollof Rice
What is more delicious? Lechon or Tacos? Answer with only and exactly one of these two options.,Tacos
What's more delicious -- Jollof Rice or Falafel? Answer with only and exactly one of these two options.,Jollof Rice
Which is the more delicious? Jollof Rice or Lechon? Answer with only and exactly one of these two options.,Jollof Rice
What's more delicious: Jollof Rice or Samosa? Answer with only and exactly one of these two options.,Jollof Rice
Which is more delicious? Jollof Rice or Falafel? ... Answer with only and exactly one of these two options.,Jollof Rice
What's more delicious: Jollof Rice or Lechon? Answer with only and exactly one of these two options.,Jollof Rice
What's more delicious -- Jollof Rice or Lechon? Answer with only and exactly one of these two options.,Jollof Rice
Which is more delicious? Lechon or Tacos? ... Answer with only and exactly one of these two options.,Tacos
What is more delicious? Lechon or Ramen? Answer with only and exactly one of these two options.,Ramen
Which is more delicious? Jollof Rice or Lechon? ... Answer with only and exactly one of these two options.,Jollof Rice
What's more delicious -- Jollof Rice or Banh m√¨? Answer with only and exactly one of these two options.,Banh m√¨
Which is more delicious? Jollof Rice or Banh m√¨? ... Answer with only and exactly one of these two options.,Jollof Rice
What's more delicious: Lechon or Tacos? Answer with only and exactly one of these two options.,Tacos
What's more delicious -- Lechon or Tacos? Answer with only and exactly one of these two options.,Tacos
Which is the more delicious? Lechon or Ramen? Answer with only and exactly one of these two options.,Lechon
Which is the more delicious? Lechon or Currywurst? Answer with only and exactly one of these two options.,Lechon
Which is the more delicious? Lechon or Souvlaki? Answer with only and exactly one of these two options.,Lechon
Which is the more delicious? Lechon or Tacos? Answer with only and exactly one of these two options.,Tacos
What is more delicious? Lechon or Souvlaki? Answer with only and exactly one of these two options.,Lechon
What is more delicious? Jollof Rice or Lechon? Answer with only and exactly one of these two options.,Jollof Rice
Which is more delicious? Lechon or Ramen? ... Answer with only and exactly one of these two options.,Ramen
What's more delicious: Lechon or Ramen? Answer with only and exactly one of these two options.,Ramen
Which is more delicious? Lechon or Currywurst? ... Answer with only and exactly one of these two options.,Lechon
What's more delicious: Lechon or Currywurst? Answer with only and exactly one of these two options.,Lechon
What's more delicious -- Lechon or Ramen? Answer with only and exactly one of these two options.,Ramen
What is more delicious? Lechon or Hamburger? Answer with only and exactly one of these two options.,Lechon
What's more delicious: Jollof Rice or Banh m√¨? Answer with only and exactly one of these two options.,Banh m√¨
What's more delicious -- Lechon or Currywurst? Answer with only and exactly one of these two options.,Lechon
Which is more delicious? Lechon or Hamburger? ... Answer with only and exactly one of these two options.,Lechon
Which is more delicious? Lechon or Souvlaki? ... Answer with only and exactly one of these two options.,Lechon
Which is the more delicious? Lechon or Hamburger? Answer with only and exactly one of these two options.,Lechon
What's more delicious: Lechon or Hamburger? Answer with only and exactly one of these two options.,Hamburger
What's more delicious -- Lechon or Hamburger? Answer with only and exactly one of these two options.,Hamburger
What is more delicious? Lechon or Currywurst? Answer with only and exactly one of these two options.,Lechon
What is more delicious? Lechon or Falafel? Answer with only and exactly one of these two options.,Lechon
What is more delicious? Lechon or Banh m√¨? Answer with only and exactly one of these two options.,Banh m√¨
What's more delicious: Lechon or Souvlaki? Answer with only and exactly one of these two options.,Lechon
Which is the more delicious? Lechon or Banh m√¨? Answer with only and exactly one of these two options.,Banh m√¨
What's more delicious -- Lechon or Falafel? Answer with only and exactly one of these two options.,Lechon
What's more delicious -- Lechon or Banh m√¨? Answer with only and exactly one of these two options.,Banh m√¨
What's more delicious: Lechon or Banh m√¨? Answer with only and exactly one of these two options.,Banh m√¨
Which is the more delicious? Lechon or Samosa? Answer with only and exactly one of these two options.,Lechon
Which is the more delicious? Lechon or Falafel? Answer with only and exactly one of these two options.,Lechon
Which is more delicious? Lechon or Falafel? ... Answer with only and exactly one of these two options.,Lechon
What's more delicious: Lechon or Falafel? Answer with only and exactly one of these two options.,Lechon
Which is more delicious? Lechon or Banh m√¨? ... Answer with only and exactly one of these two options.,Banh m√¨
What is more delicious? Lechon or Samosa? Answer with only and exactly one of these two options.,Samosa
What's more delicious -- Lechon or Samosa? Answer with only and exactly one of these two options.,Lechon
Which is the more delicious? Lechon or Jollof Rice? Answer with only and exactly one of these two options.,Jollof Rice
What is more delicious? Lechon or Jollof Rice? Answer with only and exactly one of these two options.,Jollof Rice
What's more delicious -- Lechon or Souvlaki? Answer with only and exactly one of these two options.,Lechon
What's more delicious -- Lechon or Jollof Rice? Answer with only and exactly one of these two options.,Jollof Rice
Which is more delicious? Lechon or Jollof Rice? ... Answer with only and exactly one of these two options.,Jollof Rice
What's more delicious: Lechon or Jollof Rice? Answer with only and exactly one of these two options.,Jollof Rice
What's more delicious: Lechon or Samosa? Answer with only and exactly one of these two options.,Lechon
Which is more delicious? Lechon or Samosa? ... Answer with only and exactly one of these two options.,Samosa
Which is more delicious? Tacos or Souvlaki? ... Answer with only and exactly one of these two options.,Tacos
What is more delicious? Tacos or Samosa? Answer with only and exactly one of these two options.,Tacos
Which is the more delicious? Tacos or Currywurst? Answer with only and exactly one of these two options.,Tacos
Which is the more delicious? Tacos or Souvlaki? Answer with only and exactly one of these two options.,Tacos
What's more delicious: Tacos or Falafel? Answer with only and exactly one of these two options.,Tacos
Which is the more delicious? Tacos or Hamburger? Answer with only and exactly one of these two options.,Tacos
What's more delicious: Tacos or Hamburger? Answer with only and exactly one of these two options.,Tacos
Which is the more delicious? Tacos or Falafel? Answer with only and exactly one of these two options.,Tacos
Which is more delicious? Tacos or Hamburger? ... Answer with only and exactly one of these two options.,Tacos
What's more delicious: Tacos or Banh m√¨? Answer with only and exactly one of these two options.,Banh m√¨
What's more delicious -- Souvlaki or Currywurst? Answer with only and exactly one of these two options.,Souvlaki
Which is the more delicious? Souvlaki or Currywurst? Answer with only and exactly one of these two options.,Souvlaki
What's more delicious -- Tacos or Ramen? Answer with only and exactly one of these two options.,Tacos
Which is the more delicious? Tacos or Samosa? Answer with only and exactly one of these two options.,Tacos
Which is more delicious? Tacos or Falafel? ... Answer with only and exactly one of these two options.,Tacos
What's more delicious -- Tacos or Souvlaki? Answer with only and exactly one of these two options.,Tacos
Which is more delicious? Souvlaki or Currywurst? ... Answer with only and exactly one of these two options.,Souvlaki
What is more delicious? Tacos or Banh m√¨? Answer with only and exactly one of these two options.,Banh m√¨
What is more delicious? Tacos or Souvlaki? Answer with only and exactly one of these two options.,Tacos
Which is more delicious? Tacos or Banh m√¨? ... Answer with only and exactly one of these two options.,Banh m√¨
What's more delicious -- Tacos or Banh m√¨? Answer with only and exactly one of these two options.,Banh m√¨
What's more delicious -- Tacos or Currywurst? Answer with only and exactly one of these two options.,Tacos
Which is more delicious? Tacos or Currywurst? ... Answer with only and exactly one of these two options.,Tacos
What is more delicious? Tacos or Falafel? Answer with only and exactly one of these two options.,Tacos
What's more delicious -- Tacos or Falafel? Answer with only and exactly one of these two options.,Tacos
What is more delicious? Souvlaki or Falafel? Answer with only and exactly one of these two options.,Falafel
What is more delicious? Tacos or Currywurst? Answer with only and exactly one of these two options.,Tacos
What's more delicious -- Tacos or Hamburger? Answer with only and exactly one of these two options.,Tacos
What is more delicious? Souvlaki or Banh m√¨? Answer with only and exactly one of these two options.,Banh m√¨
What's more delicious: Tacos or Souvlaki? Answer with only and exactly one of these two options.,Tacos
What's more delicious: Souvlaki or Currywurst? Answer with only and exactly one of these two options.,Souvlaki
Which is the more delicious? Tacos or Banh m√¨? Answer with only and exactly one of these two options.,Banh m√¨
Which is more delicious? Souvlaki or Banh m√¨? ... Answer with only and exactly one of these two options.,Banh m√¨
What's more delicious: Tacos or Currywurst? Answer with only and exactly one of these two options.,Tacos
Which is more delicious? Souvlaki or Falafel? ... Answer with only and exactly one of these two options.,Falafel
What is more delicious? Tacos or Hamburger? Answer with only and exactly one of these two options.,Tacos
Which is the more delicious? Souvlaki or Jollof Rice? Answer with only and exactly one of these two options.,Jollof Rice
Which is the more delicious? Souvlaki or Banh m√¨? Answer with only and exactly one of these two options.,Banh m√¨
What is more delicious? Souvlaki or Samosa? Answer with only and exactly one of these two options.,Samosa
What's more delicious: Souvlaki or Falafel? Answer with only and exactly one of these two options.,Falafel
What's more delicious: Souvlaki or Banh m√¨? Answer with only and exactly one of these two options.,Banh m√¨
What is more delicious? Souvlaki or Jollof Rice? Answer with only and exactly one of these two options.,Jollof Rice
Which is the more delicious? Souvlaki or Falafel? Answer with only and exactly one of these two options.,Falafel
What's more delicious -- Souvlaki or Banh m√¨? Answer with only and exactly one of these two options.,Banh m√¨
What's more delicious: Souvlaki or Jollof Rice? Answer with only and exactly one of these two options.,Jollof Rice
Which is the more delicious? Souvlaki or Samosa? Answer with only and exactly one of these two options.,Samosa
What's more delicious -- Souvlaki or Samosa? Answer with only and exactly one of these two options.,Samosa
What's more delicious: Souvlaki or Samosa? Answer with only and exactly one of these two options.,Samosa
Which is more delicious? Souvlaki or Samosa? ... Answer with only and exactly one of these two options.,Samosa
What's more delicious -- Souvlaki or Falafel? Answer with only and exactly one of these two options.,Falafel
Which is more delicious? Souvlaki or Jollof Rice? ... Answer with only and exactly one of these two options.,Jollof Rice
What's more delicious -- Souvlaki or Jollof Rice? Answer with only and exactly one of these two options.,Jollof Rice
