Which is more delicious? Tacos or Ramen? ... Answer with only and exactly one of these two options.,Tacos.
What's more delicious: Tacos or Hamburger? Answer with only and exactly one of these two options.,Tacos.
Which is the more delicious? Tacos or Hamburger? Answer with only and exactly one of these two options.,Tacos.
What's more delicious: Tacos or Ramen? Answer with only and exactly one of these two options.,Tacos.
Which is the more delicious? Tacos or Ramen? Answer with only and exactly one of these two options.,Tacos
What's more delicious -- Tacos or Currywurst? Answer with only and exactly one of these two options.,Tacos.
Which is the more delicious? Tacos or Jollof Rice? Answer with only and exactly one of these two options.,Tacos
What's more delicious -- Tacos or Jollof Rice? Answer with only and exactly one of these two options.,Jollof Rice
Which is more delicious? Tacos or Jollof Rice? ... Answer with only and exactly one of these two options.,Tacos
What's more delicious: Tacos or Lechon? Answer with only and exactly one of these two options.,Lechon.
What is more delicious? Ramen or Samosa? Answer with only and exactly one of these two options.,Ramen.
What's more delicious -- Ramen or Samosa? Answer with only and exactly one of these two options.,Ramen.
Which is the more delicious? Ramen or Samosa? Answer with only and exactly one of these two options.,Ramen
Which is more delicious? Ramen or Samosa? ... Answer with only and exactly one of these two options.,Ramen.
Which is the more delicious? Hamburger or Falafel? Answer with only and exactly one of these two options.,Falafel
Which is more delicious? Hamburger or Falafel? ... Answer with only and exactly one of these two options.,Falafel.
What's more delicious -- Hamburger or Falafel? Answer with only and exactly one of these two options.,Falafel.
What is more delicious? Hamburger or Falafel? Answer with only and exactly one of these two options.,Falafel.
What is more delicious? Currywurst or Hamburger? Answer with only and exactly one of these two options.,Currywurst.
Which is the more delicious? Currywurst or Tacos? Answer with only and exactly one of these two options.,Currywurst
Which is the more delicious? Currywurst or Souvlaki? Answer with only and exactly one of these two options.,Souvlaki
What is more delicious? Currywurst or Souvlaki? Answer with only and exactly one of these two options.,Souvlaki
What's more delicious: Souvlaki or Tacos? Answer with only and exactly one of these two options.,Souvlaki
What is more delicious? Souvlaki or Banh mì? Answer with only and exactly one of these two options.,Souvlaki
Which is the more delicious? Souvlaki or Tacos? Answer with only and exactly one of these two options.,Souvlaki
Which is more delicious? Souvlaki or Tacos? ... Answer with only and exactly one of these two options.,Souvlaki
What is more delicious? Souvlaki or Lechon? Answer with only and exactly one of these two options.,Souvlaki
What's more delicious -- Souvlaki or Jollof Rice? Answer with only and exactly one of these two options.,Souvlaki
What's more delicious: Souvlaki or Lechon? Answer with only and exactly one of these two options.,Souvlaki
Which is more delicious? Souvlaki or Lechon? ... Answer with only and exactly one of these two options.,Souvlaki
Which is the more delicious? Falafel or Samosa? Answer with only and exactly one of these two options.,Falafel
What is more delicious? Falafel or Currywurst? Answer with only and exactly one of these two options.,Falafel
Which is the more delicious? Falafel or Jollof Rice? Answer with only and exactly one of these two options.,Falafel
What's more delicious: Falafel or Samosa? Answer with only and exactly one of these two options.,Falafel
Which is the more delicious? Banh mì or Falafel? Answer with only and exactly one of these two options.,Banh mì
What's more delicious -- Banh mì or Souvlaki? Answer with only and exactly one of these two options.,Banh mì
What is more delicious? Banh mì or Samosa? Answer with only and exactly one of these two options.,Banh mì
What's more delicious: Banh mì or Falafel? Answer with only and exactly one of these two options.,Banh mì
What's more delicious: Samosa or Currywurst? Answer with only and exactly one of these two options.,Samosa.
Which is more delicious? Samosa or Currywurst? ... Answer with only and exactly one of these two options.,Samosa.
Which is the more delicious? Samosa or Souvlaki? Answer with only and exactly one of these two options.,Samosa
What's more delicious -- Samosa or Currywurst? Answer with only and exactly one of these two options.,Samosa.
What's more delicious -- Samosa or Banh mì? Answer with only and exactly one of these two options.,Banh mì
Which is more delicious? Samosa or Banh mì? ... Answer with only and exactly one of these two options.,Banh mì
Which is the more delicious? Jollof Rice or Hamburger? Answer with only and exactly one of these two options.,Jollof Rice
What's more delicious: Jollof Rice or Hamburger? Answer with only and exactly one of these two options.,Jollof Rice.
What's more delicious -- Jollof Rice or Souvlaki? Answer with only and exactly one of these two options.,Jollof Rice
Which is more delicious? Jollof Rice or Souvlaki? ... Answer with only and exactly one of these two options.,Jollof Rice
What's more delicious -- Lechon or Hamburger? Answer with only and exactly one of these two options.,Lechon.
Which is the more delicious? Lechon or Tacos? Answer with only and exactly one of these two options.,Lechon.
Which is the more delicious? Lechon or Currywurst? Answer with only and exactly one of these two options.,Lechon.
What is more delicious? Lechon or Currywurst? Answer with only and exactly one of these two options.,Lechon.
What is more delicious? Lechon or Samosa? Answer with only and exactly one of these two options.,Lechon.
What's more delicious -- Lechon or Banh mì? Answer with only and exactly one of these two options.,Lechon.
